Data,Estado,Mortos,Feridos,Total
31/12/2018,Ohio,3,2,5
29/12/2018,Ohio,1,3,4
28/12/2018,Missouri,4,1,5
24/12/2018,Louisiana,2,2,4
23/12/2018,Missouri,0,7,7
22/12/2018,Nevada,0,4,4
18/12/2018,Maryland,0,5,5
15/12/2018,Florida,0,5,5
14/12/2018,Colorado,1,3,4
13/12/2018,Pennsylvania,0,4,4
11/12/2018,Louisiana,1,3,4
09/12/2018,Wisconsin,0,4,4
09/12/2018,North Carolina,1,3,4
08/12/2018,New York,0,5,5
01/12/2018,Florida,0,5,5
26/11/2018,Tennessee,0,4,4
25/11/2018,Texas,1,6,7
25/11/2018,Alabama,2,2,4
25/11/2018,California,0,4,4
24/11/2018,Florida,2,2,4
23/11/2018,Florida,2,2,4
22/11/2018,Indiana,3,2,5
21/11/2018,Missouri,0,4,4
19/11/2018,Colorado,1,3,4
19/11/2018,Pennsylvania,4,0,4
19/11/2018,Illinois,4,0,4
18/11/2018,California,1,3,4
16/11/2018,Arkansas,3,1,4
16/11/2018,Wisconsin,1,3,4
14/11/2018,Louisiana,3,1,4
13/11/2018,Indiana,2,2,4
13/11/2018,New Mexico,4,1,5
12/11/2018,North Carolina,3,1,4
11/11/2018,Arizona,3,3,5
11/11/2018,Illinois,1,4,5
10/11/2018,Tennessee,2,4,6
07/11/2018,California,13,16,29
03/11/2018,New York,0,5,5
02/11/2018,California,0,4,4
02/11/2018,Florida,3,5,8
01/11/2018,Minnesota,0,5,5
01/11/2018,Missouri,2,2,4
31/10/2018,Michigan,1,3,4
30/10/2018,California,2,3,5
30/10/2018,California,0,5,5
29/10/2018,California,0,7,7
28/10/2018,Arkansas,2,2,4
27/10/2018,Pennsylvania,11,6,17
27/10/2018,Tennessee,0,5,5
26/10/2018,New Jersey,1,3,4
24/10/2018,Illinois,0,5,5
22/10/2018,Illinois,0,6,6
21/10/2018,Florida,0,6,6
21/10/2018,Washington,1,3,4
16/10/2018,Georgia,0,4,4
15/10/2018,Tennessee,5,0,5
14/10/2018,Texas,0,4,4
14/10/2018,California,2,2,4
14/10/2018,Nevada,3,1,4
13/10/2018,Missouri,0,4,4
13/10/2018,Texas,4,1,5
12/10/2018,South Carolina,0,6,6
12/10/2018,Nevada,0,4,4
08/10/2018,Alabama,0,4,4
06/10/2018,Oklahoma,0,4,4
06/10/2018,Texas,1,3,4
06/10/2018,California,0,6,6
04/10/2018,New Mexico,1,3,4
04/10/2018,Georgia,0,4,4
03/10/2018,South Carolina,2,6,8
03/10/2018,Pennsylvania,1,4,5
01/10/2018,Illinois,2,2,4
24/09/2018,Tennessee,3,2,5
21/09/2018,Maryland,4,3,7
20/09/2018,Pennsylvania,1,4,5
20/09/2018,Wisconsin,1,3,4
17/09/2018,Maryland,4,1,5
13/09/2018,California,6,0,6
06/09/2018,Ohio,4,2,6
02/09/2018,California,0,8,8
01/09/2018,Ohio,1,7,8
27/08/2018,Arkansas,1,3,4
26/08/2018,Florida,3,11,14
26/08/2018,Texas,1,3,4
25/08/2018,Tennessee,1,4,5
25/08/2018,Virginia,0,6,6
23/08/2018,Pennsylvania,0,4,4
22/08/2018,Missouri,0,4,4
21/08/2018,Tennessee,0,6,6
20/08/2018,Tennessee,1,4,5
20/08/2018,Ohio,1,3,4
19/08/2018,Illinois,0,5,5
19/08/2018,Michigan,1,3,4
18/08/2018,New Jersey,0,5,5
18/08/2018,New York,0,4,4
17/08/2018,Illinois,0,7,7
15/08/2018,South Carolina,0,5,5
14/08/2018,Pennsylvania,0,5,5
12/08/2018,California,4,1,5
12/08/2018,Pennsylvania,0,4,4
11/08/2018,Ohio,0,4,4
11/08/2018,California,1,4,5
11/08/2018,Colorado,1,3,4
10/08/2018,Missouri,0,4,4
10/08/2018,Michigan,0,4,4
08/08/2018,New Jersey,0,4,4
08/08/2018,Pennsylvania,2,4,6
05/08/2018,Illinois,1,4,5
05/08/2018,Illinois,0,4,4
05/08/2018,Illinois,0,4,4
05/08/2018,Illinois,0,8,8
05/08/2018,Illinois,1,5,6
04/08/2018,Missouri,0,6,6
04/08/2018,Nevada,0,6,6
04/08/2018,Illinois,1,3,4
04/08/2018,Wisconsin,0,4,4
31/07/2018,California,2,3,5
30/07/2018,Georgia,0,4,4
30/07/2018,Illinois,0,4,4
29/07/2018,Pennsylvania,0,4,4
29/07/2018,Arizona,1,4,5
29/07/2018,Michigan,0,4,4
28/07/2018,Louisiana,3,7,10
28/07/2018,California,2,4,6
27/07/2018,Illinois,0,4,4
27/07/2018,Texas,5,0,5
26/07/2018,Ohio,1,6,7
26/07/2018,California,2,2,4
26/07/2018,Texas,0,6,6
25/07/2018,Louisiana,0,4,4
23/07/2018,Illinois,0,5,5
21/07/2018,Maryland,0,4,4
21/07/2018,Illinois,2,5,7
20/07/2018,Washington,1,4,5
20/07/2018,New Jersey,0,4,4
18/07/2018,Oklahoma,0,4,4
16/07/2018,Florida,2,4,6
16/07/2018,Pennsylvania,1,4,5
16/07/2018,District of Columbia,1,4,5
15/07/2018,Colorado,0,4,4
15/07/2018,Tennessee,0,5,5
14/07/2018,Maryland,0,4,4
13/07/2018,Virginia,1,3,4
12/07/2018,Tennessee,0,5,5
11/07/2018,Texas,0,4,4
11/07/2018,Florida,0,4,4
09/07/2018,Delaware,5,0,5
09/07/2018,Florida,1,4,5
08/07/2018,Alabama,0,6,6
08/07/2018,Tennessee,0,4,4
07/07/2018,Alabama,3,2,5
05/07/2018,New York,0,4,4
05/07/2018,New York,0,4,4
05/07/2018,California,3,3,6
05/07/2018,Virginia,0,6,6
05/07/2018,Ohio,1,5,6
04/07/2018,Indiana,1,3,4
04/07/2018,Georgia,1,3,4
03/07/2018,Missouri,1,5,6
03/07/2018,District of Columbia,0,4,4
02/07/2018,New York,2,2,4
01/07/2018,Illinois,0,6,6
30/06/2018,Georgia,1,6,7
30/06/2018,Maryland,0,6,6
30/06/2018,New Jersey,0,5,5
28/06/2018,Maryland,5,2,7
27/06/2018,California,1,3,4
27/06/2018,Texas,0,4,4
27/06/2018,Connecticut,0,4,4
25/06/2018,Illinois,0,6,6
24/06/2018,North Carolina,1,6,7
24/06/2018,Florida,0,4,4
24/06/2018,Florida,0,4,4
24/06/2018,Florida,1,3,4
24/06/2018,Indiana,1,3,4
24/06/2018,Ohio,0,5,5
23/06/2018,Kansas,0,4,4
23/06/2018,Illinois,1,4,5
23/06/2018,Tennessee,0,4,4
22/06/2018,Pennsylvania,1,3,4
21/06/2018,California,1,3,4
21/06/2018,Louisiana,0,4,4
21/06/2018,Illinois,0,4,4
20/06/2018,California,0,5,5
19/06/2018,Alabama,0,4,4
18/06/2018,Illinois,2,3,5
18/06/2018,Illinois,3,1,4
17/06/2018,North Carolina,0,4,4
17/06/2018,New Jersey,1,22,23
17/06/2018,Georgia,1,3,4
17/06/2018,Illinois,0,4,4
14/06/2018,Pennsylvania,0,4,4
14/06/2018,California,0,5,5
14/06/2018,California,1,4,5
14/06/2018,New York,1,4,5
14/06/2018,Colorado,1,3,4
12/06/2018,New York,0,4,4
11/06/2018,Alabama,0,4,4
11/06/2018,Florida,5,1,6
10/06/2018,Florida,1,5,6
10/06/2018,California,0,6,6
10/06/2018,Indiana,1,4,5
10/06/2018,Illinois,0,7,7
10/06/2018,Illinois,2,2,4
10/06/2018,Illinois,1,5,6
09/06/2018,Massachusetts,0,4,4
09/06/2018,North Carolina,0,4,4
09/06/2018,Pennsylvania,1,4,5
05/06/2018,Florida,3,1,4
03/06/2018,Texas,0,5,5
03/06/2018,Illinois,1,3,4
02/06/2018,Nebraska,1,6,7
02/06/2018,New York,0,5,5
31/05/2018,South Carolina,3,2,5
04/06/2018,Arizona,7,0,7
27/05/2018,Louisiana,0,4,4
27/05/2018,Colorado,1,3,4
25/05/2018,Ohio,0,4,4
20/05/2018,Indiana,0,4,4
20/05/2018,Mississippi,1,7,8
18/05/2018,Texas,10,14,24
16/05/2018,Texas,5,1,6
14/05/2018,Maryland,0,4,4
13/05/2018,California,3,2,5
13/05/2018,Mississippi,0,4,4
13/05/2018,California,2,2,4
12/05/2018,Nebraska,0,7,7
12/05/2018,New Jersey,0,4,4
11/05/2018,Missouri,0,4,4
11/05/2018,Oklahoma,1,4,5
09/05/2018,Nebraska,0,4,4
09/05/2018,Missouri,0,4,4
07/05/2018,California,0,5,5
06/05/2018,Oklahoma,0,4,4
06/05/2018,Tennessee,2,4,6
05/05/2018,Georgia,0,5,5
04/05/2018,North Carolina,0,4,4
04/05/2018,Illinois,0,4,4
02/05/2018,Illinois,1,4,5
02/05/2018,Minnesota,0,6,6
02/05/2018,New York,1,4,5
01/05/2018,Louisiana,0,5,5
30/04/2018,Florida,0,4,4
30/04/2018,District of Columbia,0,4,4
29/04/2018,Tennessee,0,4,4
29/04/2018,Washington,2,2,4
29/04/2018,North Carolina,1,3,4
29/04/2018,Florida,1,3,4
28/04/2018,North Carolina,0,5,5
25/04/2018,Arkansas,0,4,4
25/04/2018,Missouri,3,1,4
24/04/2018,Michigan,0,4,4
22/04/2018,Louisiana,1,5,6
22/04/2018,Tennessee,4,2,6
21/04/2018,Pennsylvania,2,2,4
20/04/2018,California,1,5,6
18/04/2018,North Carolina,4,3,7
15/04/2018,Louisiana,0,6,6
09/04/2018,California,0,4,4
08/04/2018,North Carolina,1,3,4
08/04/2018,Florida,2,2,4
06/04/2018,Florida,0,4,4
06/04/2018,Virginia,1,3,4
04/04/2018,Louisiana,2,2,4
03/04/2018,California,1,4,5
02/04/2018,Texas,1,3,4
01/04/2018,Alabama,1,4,5
01/04/2018,Michigan,0,5,5
31/03/2018,New Jersey,0,5,5
29/03/2018,Texas,1,3,4
29/03/2018,New Jersey,0,4,4
24/03/2018,Utah,0,4,4
21/03/2018,California,1,5,6
17/03/2018,Kentucky,0,7,7
17/03/2018,Illinois,0,4,4
13/03/2018,Florida,0,4,4
12/03/2018,California,0,4,4
11/03/2018,Illinois,1,3,4
11/03/2018,Indiana,0,6,6
11/03/2018,Michigan,0,5,5
09/03/2018,California,5,0,5
09/03/2018,North Carolina,3,1,4
07/03/2018,Alabama,2,2,4
04/03/2018,Illinois,1,4,5
03/03/2018,Florida,0,4,4
03/03/2018,New York,1,3,4
27/02/2018,Connecticut,0,4,4
26/02/2018,Michigan,5,0,5
23/02/2018,Florida,1,3,4
18/02/2018,Texas,0,5,5
17/02/2018,Kansas,1,7,8
17/02/2018,Tennessee,0,5,5
16/02/2018,Oklahoma,1,3,4
14/02/2018,Florida,17,17,34
13/02/2018,Louisiana,3,5,8
11/02/2018,Michigan,4,3,7
10/02/2018,Kentucky,5,0,5
07/02/2018,Florida,3,3,6
05/02/2018,Colorado,2,4,6
03/02/2018,Ohio,1,5,6
31/01/2018,Missouri,0,4,4
28/01/2018,Pennsylvania,5,0,5
28/01/2018,Pennsylvania,4,0,4
28/01/2018,Indiana,2,3,5
27/01/2018,California,0,5,5
27/01/2018,Kentucky,0,4,4
25/01/2018,District of Columbia,0,4,4
23/01/2018,Pennsylvania,0,4,4
23/01/2018,Kentucky,2,16,18
21/01/2018,Florida,0,4,4
21/01/2018,Illinois,0,4,4
17/01/2018,District of Columbia,1,3,4
15/01/2018,Florida,0,5,5
14/01/2018,Alabama,1,4,5
14/01/2018,Alabama,0,4,4
12/01/2018,Tennessee,3,2,5
11/01/2018,Missouri,2,2,4
07/01/2018,Alabama,1,5,6
07/01/2018,Florida,0,4,4
05/01/2018,Mississippi,0,6,6
04/01/2018,Arkansas,1,3,4
01/01/2018,Alabama,1,3,4
29/12/2019,Texas,3,0,3
29/12/2019,California,0,5,5
29/12/2019,Illinois,0,5,5
29/12/2019,New York,1,3,4
27/12/2019,Texas,2,7,9
27/12/2019,Georgia,0,4,4
27/12/2019,California,1,3,4
26/12/2019,Florida,0,5,5
25/12/2019,Iowa,1,3,4
25/12/2019,Virginia,1,3,4
25/12/2019,California,0,4,4
24/12/2019,North Carolina,0,6,6
24/12/2019,Louisiana,0,4,4
22/12/2019,Illinois,0,13,13
22/12/2019,Maryland,0,7,7
21/12/2019,Mississippi,1,6,7
20/12/2019,North Carolina,2,2,4
20/12/2019,Alabama,2,2,4
19/12/2019,Rhode Island,2,2,4
18/12/2019,Texas,0,4,4
17/12/2019,Montana,4,1,5
15/12/2019,Georgia,1,4,5
14/12/2019,California,0,4,4
12/12/2019,Missouri,1,3,4
10/12/2019,New Jersey,6,3,9
10/12/2019,Texas,4,0,4
08/12/2019,Texas,2,3,5
08/12/2019,Louisiana,1,4,5
06/12/2019,Florida,4,8,12
05/12/2019,Florida,4,1,5
04/12/2019,Hawaii,3,1,4
04/12/2019,Alabama,2,2,4
01/12/2019,Michigan,1,3,4
01/12/2019,Louisiana,2,3,5
01/12/2019,Louisiana,2,2,4
01/12/2019,Illinois,1,4,5
01/12/2019,Louisiana,0,10,10
29/11/2019,Texas,0,7,7
27/11/2019,New York,0,5,5
25/11/2019,Florida,2,2,4
24/11/2019,California,0,6,6
24/11/2019,Louisiana,2,2,4
24/11/2019,Alabama,1,4,5
23/11/2019,Louisiana,1,6,7
23/11/2019,California,0,4,4
21/11/2019,California,0,5,5
21/11/2019,Washington,0,4,4
20/11/2019,California,0,4,4
18/11/2019,New Jersey,1,3,4
17/11/2019,California,4,6,10
17/11/2019,Ohio,0,4,4
16/11/2019,California,5,1,6
14/11/2019,California,3,3,6
11/11/2019,Florida,0,4,4
10/11/2019,Missouri,0,4,4
10/11/2019,Tennessee,1,4,5
10/11/2019,Arkansas,0,4,4
09/11/2019,Georgia,0,4,4
09/11/2019,Michigan,0,4,4
07/11/2019,Georgia,2,3,5
04/11/2019,Texas,1,3,4
03/11/2019,Ohio,0,4,4
03/11/2019,Texas,1,3,4
02/11/2019,Michigan,1,4,5
02/11/2019,Louisiana,0,4,4
01/11/2019,Arizona,0,5,5
01/11/2019,Texas,0,4,4
31/10/2019,California,5,4,9
29/10/2019,California,3,9,12
28/10/2019,Maryland,1,3,4
27/10/2019,Michigan,0,4,4
27/10/2019,Michigan,1,4,5
27/10/2019,Texas,2,10,12
26/10/2019,New Jersey,0,4,4
24/10/2019,Oklahoma,2,2,4
22/10/2019,Oklahoma,1,3,4
21/10/2019,South Carolina,0,4,4
20/10/2019,Texas,1,3,4
19/10/2019,Pennsylvania,0,4,4
19/10/2019,Texas,1,3,4
15/10/2019,Oklahoma,2,2,4
15/10/2019,Ohio,0,4,4
14/10/2019,Puerto Rico,6,0,6
14/10/2019,Pennsylvania,3,1,4
13/10/2019,Ohio,0,4,4
13/10/2019,Pennsylvania,0,6,6
12/10/2019,New York,4,3,7
12/10/2019,Texas,0,4,4
12/10/2019,Maryland,1,3,4
12/10/2019,Illinois,5,0,5
12/10/2019,Michigan,1,5,6
10/10/2019,Pennsylvania,0,5,5
10/10/2019,Wisconsin,1,3,4
10/10/2019,Florida,2,2,4
09/10/2019,Maryland,1,3,4
07/10/2019,Massachusetts,5,0,5
06/10/2019,Colorado,0,4,4
06/10/2019,Kansas,4,5,9
06/10/2019,Indiana,0,5,5
05/10/2019,Oklahoma,4,0,4
03/10/2019,Missouri,1,3,4
03/10/2019,North Carolina,1,3,4
01/10/2019,Missouri,0,4,4
29/09/2019,Kansas,0,4,4
29/09/2019,Florida,0,4,4
29/09/2019,Wisconsin,0,4,4
29/09/2019,Illinois,1,3,4
29/09/2019,Texas,4,0,4
27/09/2019,Ohio,3,1,4
24/09/2019,Illinois,1,3,4
23/09/2019,Indiana,2,2,4
22/09/2019,Missouri,0,5,5
21/09/2019,Louisiana,0,4,4
21/09/2019,Indiana,0,6,6
21/09/2019,South Carolina,2,8,10
21/09/2019,Indiana,1,3,4
20/09/2019,Louisiana,1,5,6
19/09/2019,"Washington, D.C.",1,5,6
18/09/2019,Illinois,3,1,4
18/09/2019,California,2,2,4
16/09/2019,Wyoming,2,2,4
14/09/2019,Georgia,0,4,4
14/09/2019,Missouri,2,2,4
14/09/2019,California,1,4,5
13/09/2019,Ohio,0,4,4
12/09/2019,New Mexico,1,3,4
12/09/2019,New Mexico,4,2,6
10/09/2019,Illinois,0,4,4
08/09/2019,Louisiana,1,3,4
08/09/2019,South Carolina,2,3,5
07/09/2019,North Carolina,3,1,4
04/09/2019,Louisiana,2,2,4
04/09/2019,Florida,0,4,4
02/09/2019,Alabama,5,0,5
02/09/2019,Illinois,0,4,4
02/09/2019,North Carolina,2,2,4
01/09/2019,North Carolina,0,4,4
01/09/2019,Alabama,0,7,7
01/09/2019,Connecticut,0,4,4
01/09/2019,Ohio,0,4,4
31/08/2019,Texas,8,25,33
31/08/2019,North Carolina,1,3,4
31/08/2019,Maryland,0,4,4
30/08/2019,Alabama,0,10,10
30/08/2019,Maryland,1,3,4
29/08/2019,Maryland,1,3,4
26/08/2019,Florida,4,0,4
25/08/2019,Illinois,1,3,4
25/08/2019,New Mexico,3,4,7
24/08/2019,Massachusetts,1,3,4
24/08/2019,Florida,2,3,5
24/08/2019,Maryland,0,7,7
23/08/2019,Missouri,1,3,4
23/08/2019,Texas,2,2,4
22/08/2019,South Carolina,2,2,4
22/08/2019,California,0,4,4
20/08/2019,Georgia,0,4,4
18/08/2019,Missouri,0,4,4
17/08/2019,Texas,0,7,7
17/08/2019,Missouri,0,4,4
17/08/2019,Virginia,1,3,4
15/08/2019,Pennsylvania,0,5,5
15/08/2019,Alabama,2,3,5
14/08/2019,West Virginia,1,5,6
14/08/2019,Pennsylvania,0,6,6
13/08/2019,Washington,2,3,5
13/08/2019,Mississippi,0,4,4
12/08/2019,California,2,2,4
12/08/2019,North Carolina,3,1,4
11/08/2019,Illinois,0,6,6
10/08/2019,California,0,4,4
10/08/2019,Virginia,0,4,4
09/08/2019,Texas,0,4,4
09/08/2019,Illinois,0,4,4
08/08/2019,New Jersey,1,3,4
07/08/2019,Missouri,2,2,4
06/08/2019,Georgia,4,0,4
06/08/2019,Michigan,0,4,4
05/08/2019,Texas,4,0,4
05/08/2019,Maryland,1,3,4
05/08/2019,New York,0,4,4
04/08/2019,Tennessee,1,3,4
04/08/2019,Mississippi,0,4,4
04/08/2019,Illinois,1,7,8
04/08/2019,Illinois,0,7,7
04/08/2019,Ohio,10,27,37
03/08/2019,Texas,23,23,46
02/08/2019,Maryland,3,1,4
02/08/2019,Virginia,2,3,5
31/07/2019,Indiana,3,1,4
30/07/2019,Mississippi,2,2,4
30/07/2019,Oklahoma,0,4,4
30/07/2019,Texas,3,1,4
30/07/2019,Ohio,0,5,5
28/07/2019,Wisconsin,5,2,7
28/07/2019,California,4,17,21
28/07/2019,Pennsylvania,0,4,4
28/07/2019,Pennsylvania,1,5,6
28/07/2019,Illinois,0,4,4
28/07/2019,"Washington, D.C.",0,4,4
27/07/2019,Kansas,1,3,4
27/07/2019,New York,1,12,13
25/07/2019,North Carolina,3,1,4
25/07/2019,California,4,2,6
23/07/2019,Florida,2,2,4
21/07/2019,Illinois,0,4,4
21/07/2019,"Washington, D.C.",0,4,4
20/07/2019,New Jersey,0,6,6
20/07/2019,Pennsylvania,0,4,4
20/07/2019,Illinois,0,7,7
18/07/2019,Illinois,1,3,4
17/07/2019,Texas,1,3,4
16/07/2019,Texas,0,4,4
15/07/2019,Louisiana,1,3,4
15/07/2019,Georgia,0,4,4
15/07/2019,Maryland,2,2,4
13/07/2019,Pennsylvania,0,7,7
13/07/2019,Illinois,1,4,5
11/07/2019,Texas,0,4,4
08/07/2019,North Carolina,2,2,4
08/07/2019,"Washington, D.C.",0,4,4
07/07/2019,Michigan,2,4,6
07/07/2019,Kansas,0,4,4
07/07/2019,Illinois,0,4,4
07/07/2019,New Mexico,0,4,4
06/07/2019,California,0,4,4
06/07/2019,Michigan,2,2,4
06/07/2019,North Carolina,0,4,4
05/07/2019,New York,0,4,4
05/07/2019,Illinois,0,5,5
05/07/2019,Nevada,1,3,4
05/07/2019,Arkansas,4,0,4
05/07/2019,Massachusetts,0,6,6
04/07/2019,Illinois,1,3,4
04/07/2019,California,0,4,4
04/07/2019,Illinois,0,4,4
04/07/2019,California,1,3,4
03/07/2019,Texas,2,3,5
02/07/2019,Illinois,0,4,4
02/07/2019,Missouri,0,4,4
01/07/2019,Maryland,0,4,4
30/06/2019,California,0,4,4
30/06/2019,California,0,5,5
30/06/2019,Texas,2,2,4
30/06/2019,New York,0,6,6
29/06/2019,Louisiana,0,7,7
29/06/2019,Connecticut,0,4,4
29/06/2019,Illinois,0,5,5
28/06/2019,Georgia,0,7,7
28/06/2019,New Jersey,0,4,4
28/06/2019,Connecticut,0,5,5
28/06/2019,Minnesota,0,5,5
27/06/2019,Georgia,0,7,7
26/06/2019,Ohio,1,3,4
23/06/2019,California,5,0,5
23/06/2019,South Carolina,3,1,4
23/06/2019,Ohio,0,5,5
23/06/2019,California,1,3,4
23/06/2019,Indiana,1,10,11
22/06/2019,Pennsylvania,0,4,4
22/06/2019,Virginia,0,4,4
22/06/2019,Maryland,1,4,5
21/06/2019,Michigan,1,3,4
21/06/2019,California,0,5,5
21/06/2019,Illinois,0,4,4
20/06/2019,Pennsylvania,0,10,10
18/06/2019,New Jersey,1,6,7
17/06/2019,Texas,1,1,2
17/06/2019,Texas,0,4,4
17/06/2019,Tennessee,0,5,5
16/06/2019,Pennsylvania,1,7,8
16/06/2019,Kentucky,1,6,7
16/06/2019,Iowa,0,6,6
15/06/2019,Louisiana,0,4,4
15/06/2019,Iowa,4,0,4
12/06/2019,North Carolina,1,3,4
11/06/2019,Georgia,2,2,4
11/06/2019,Colorado,0,4,4
09/06/2019,Tennessee,1,3,4
09/06/2019,New York,0,4,4
09/06/2019,Ohio,1,3,4
08/06/2019,Washington,5,0,5
08/06/2019,Illinois,0,4,4
07/06/2019,Texas,0,5,5
06/06/2019,Illinois,1,3,4
05/06/2019,California,0,4,4
01/06/2019,Virginia,1,3,4
01/06/2019,Illinois,0,4,4
01/06/2019,Illinois,0,4,4
01/06/2019,Georgia,0,5,5
01/06/2019,Georgia,0,4,4
01/06/2019,South Carolina,0,5,5
31/05/2019,Virginia,13,4,17
30/05/2019,Illinois,0,5,5
29/05/2019,Texas,2,3,5
27/05/2019,New Jersey,1,5,6
27/05/2019,"Washington, D.C.",0,5,5
26/05/2019,California,1,3,4
26/05/2019,Virginia,0,5,5
26/05/2019,"Washington, D.C.",1,3,4
26/05/2019,Illinois,2,3,5
25/05/2019,Oklahoma,0,5,5
25/05/2019,Maryland,0,4,4
25/05/2019,Virginia,1,9,10
25/05/2019,New Jersey,0,10,10
20/05/2019,Louisiana,1,4,5
20/05/2019,Ohio,0,4,4
20/05/2019,Oklahoma,2,2,4
19/05/2019,Oregon,0,5,5
18/05/2019,Mississippi,1,5,6
18/05/2019,Iowa,2,2,4
18/05/2019,Alabama,1,8,9
18/05/2019,California,1,5,6
18/05/2019,North Carolina,1,5,6
18/05/2019,Indiana,0,7,7
17/05/2019,California,1,4,5
16/05/2019,Ohio,0,4,4
15/05/2019,Louisiana,0,4,4
13/05/2019,Missouri,4,1,5
13/05/2019,Louisiana,0,4,4
11/05/2019,New Jersey,0,4,4
11/05/2019,Pennsylvania,0,4,4
10/05/2019,Missouri,0,6,6
10/05/2019,Pennsylvania,0,5,5
08/05/2019,Indiana,0,4,4
07/05/2019,Colorado,1,8,9
05/05/2019,New Jersey,1,4,5
05/05/2019,California,0,6,6
04/05/2019,Missouri,1,4,5
04/05/2019,Indiana,0,4,4
04/05/2019,Delaware,0,4,4
03/05/2019,Maryland,0,4,4
03/05/2019,Maryland,0,5,5
03/05/2019,Texas,1,3,4
01/05/2019,Massachusetts,1,3,4
30/04/2019,North Carolina,2,4,6
28/04/2019,Ohio,4,0,4
28/04/2019,Tennessee,0,7,7
28/04/2019,Alabama,0,4,4
28/04/2019,Maryland,1,7,8
27/04/2019,Mississippi,1,3,4
27/04/2019,Michigan,0,4,4
27/04/2019,California,1,3,4
26/04/2019,Oklahoma,0,4,4
21/04/2019,Pennsylvania,0,4,4
21/04/2019,California,0,4,4
20/04/2019,Tennessee,0,7,7
20/04/2019,Texas,0,4,4
19/04/2019,Kansas,0,4,4
18/04/2019,Kentucky,0,4,4
16/04/2019,Maryland,1,3,4
14/04/2019,California,0,4,4
14/04/2019,California,1,3,4
14/04/2019,Florida,2,2,4
12/04/2019,Illinois,0,4,4
11/04/2019,Arizona,3,2,5
11/04/2019,California,1,4,5
11/04/2019,Maryland,0,4,4
09/04/2019,Missouri,0,4,4
07/04/2019,Louisiana,0,4,4
07/04/2019,Indiana,2,3,5
07/04/2019,North Carolina,0,6,6
07/04/2019,Delaware,0,6,6
06/04/2019,Illinois,0,6,6
06/04/2019,Florida,0,4,4
04/04/2019,Florida,1,3,4
04/04/2019,Georgia,3,2,5
02/04/2019,Mississippi,0,4,4
02/04/2019,Kentucky,0,5,5
31/03/2019,Illinois,1,4,5
31/03/2019,Georgia,1,4,5
31/03/2019,South Carolina,0,7,7
28/03/2019,Maryland,0,4,4
25/03/2019,Nevada,0,5,5
24/03/2019,California,1,5,6
24/03/2019,Arizona,0,7,7
19/03/2019,Arizona,2,4,6
17/03/2019,Georgia,0,4,4
17/03/2019,Nevada,0,4,4
17/03/2019,Georgia,1,3,4
16/03/2019,New Jersey,1,3,4
15/03/2019,Alabama,2,3,5
14/03/2019,Montana,1,3,4
13/03/2019,Illinois,1,3,4
11/03/2019,New Jersey,0,4,4
10/03/2019,Colorado,1,4,5
10/03/2019,Louisiana,0,4,4
03/03/2019,California,0,4,4
03/03/2019,Illinois,0,6,6
02/03/2019,Arkansas,1,4,5
28/02/2019,Illinois,4,0,4
28/02/2019,California,1,4,5
22/02/2019,Alabama,2,2,4
21/02/2019,Kentucky,2,2,4
21/02/2019,Maryland,1,4,5
21/02/2019,Texas,2,2,4
20/02/2019,Tennessee,0,4,4
18/02/2019,Michigan,4,0,4
17/02/2019,Indiana,0,5,5
17/02/2019,Texas,2,2,4
17/02/2019,Louisiana,1,5,6
16/02/2019,Mississippi,4,0,5
15/02/2019,Illinois,6,6,12
14/02/2019,Florida,2,2,4
11/02/2019,Texas,5,0,5
09/02/2019,Virginia,0,4,4
06/02/2019,New York,1,3,4
06/02/2019,Ohio,1,3,4
05/02/2019,Texas,2,2,4
04/02/2019,"Washington, D.C.",0,5,5
04/02/2019,Louisiana,0,4,4
03/02/2019,Illinois,2,5,7
01/02/2019,California,0,4,4
28/01/2019,Texas,2,4,6
27/01/2019,Alabama,0,5,5
26/01/2019,New Jersey,1,3,4
26/01/2019,Indiana,0,5,5
26/01/2019,Georgia,0,4,4
26/01/2019,Louisiana,5,0,5
24/01/2019,Pennsylvania,4,1,5
24/01/2019,Georgia,4,1,5
23/01/2019,Florida,5,0,5
20/01/2019,Florida,0,4,4
19/01/2019,South Carolina,1,4,5
19/01/2019,Florida,3,2,5
19/01/2019,Pennsylvania,0,4,4
19/01/2019,Illinois,0,4,4
19/01/2019,Texas,3,2,5
17/01/2019,Kentucky,3,1,4
16/01/2019,Florida,1,5,6
16/01/2019,California,3,1,4
15/01/2019,Arkansas,1,4,5
13/01/2019,Arizona,1,5,6
06/01/2019,New Mexico,0,4,4
04/01/2019,Virginia,3,2,5
04/01/2019,Texas,1,3,4
04/01/2019,California,3,4,7
03/01/2019,Texas,3,1,4
02/01/2019,Arkansas,1,3,4
01/01/2019,South Carolina,0,5,5
01/01/2019,Florida,0,5,5
31/12/2020,Indiana,1,3,4
31/12/2020,Oregon,0,4,4
27/12/2020,United States Virgin Islands,0,4,4
26/12/2020,Massachusetts,1,5,6
26/12/2020,Illinois,3,3,6
26/12/2020,Florida,2,2,4
26/12/2020,Florida,1,3,4
25/12/2020,Florida,1,4,5
25/12/2020,Arkansas,5,0,5
24/12/2020,Florida,1,4,5
22/12/2020,Mississippi,5,0,5
20/12/2020,Kentucky,4,0,4
20/12/2020,Connecticut,2,2,4
19/12/2020,Illinois,0,6,6
18/12/2020,Pennsylvania,0,4,4
14/12/2020,Missouri,0,4,4
13/12/2020,West Virginia,4,0,4
12/12/2020,California,1,3,4
12/12/2020,New York,1,3,4
12/12/2020,New York,0,4,4
12/12/2020,Maryland,1,3,4
10/12/2020,Georgia,0,4,4
10/12/2020,Mississippi,0,5,5
10/12/2020,Louisiana,2,2,4
08/12/2020,Louisiana,2,3,5
06/12/2020,Texas,0,6,6
05/12/2020,California,1,3,4
05/12/2020,North Carolina,0,6,6
04/12/2020,Illinois,0,4,4
01/12/2020,Pennsylvania,1,3,4
30/11/2020,Alaska,4,0,4
29/11/2020,Mississippi,0,11,11
29/11/2020,Tennessee,2,2,4
28/11/2020,Louisiana,0,4,4
28/11/2020,South Carolina,1,14,15
27/11/2020,Georgia,1,5,6
27/11/2020,Ohio,0,6,6
26/11/2020,Nevada,1,4,5
22/11/2020,New Jersey,0,4,4
22/11/2020,New York,1,6,7
21/11/2020,Illinois,0,6,6
21/11/2020,Arizona,1,4,5
21/11/2020,Nebraska,2,2,4
20/11/2020,Michigan,3,1,4
20/11/2020,Wisconsin,0,8,8
19/11/2020,Florida,1,3,4
18/11/2020,Texas,3,2,5
18/11/2020,South Carolina,0,4,4
17/11/2020,Tennessee,0,4,4
16/11/2020,Florida,0,4,4
16/11/2020,Illinois,0,4,4
16/11/2020,Illinois,0,4,4
15/11/2020,Louisiana,0,5,5
15/11/2020,Georgia,2,2,4
14/11/2020,South Carolina,3,1,4
14/11/2020,Missouri,0,4,4
14/11/2020,Ohio,0,4,4
14/11/2020,California,2,3,5
12/11/2020,Florida,2,4,6
12/11/2020,North Carolina,0,6,6
10/11/2020,Florida,1,7,8
09/11/2020,Texas,0,4,4
08/11/2020,Virginia,0,4,4
08/11/2020,Tennessee,0,8,8
07/11/2020,Kansas,0,4,4
07/11/2020,South Carolina,1,3,4
06/11/2020,Louisiana,2,2,4
05/11/2020,Ohio,3,1,4
04/11/2020,Missouri,0,4,4
03/11/2020,Nevada,4,1,5
01/11/2020,New Jersey,1,3,4
01/11/2020,South Carolina,0,6,6
01/11/2020,North Carolina,1,3,4
01/11/2020,Indiana,0,4,4
01/11/2020,Oklahoma,1,3,4
01/11/2020,New York,2,2,4
01/11/2020,Arizona,2,2,4
31/10/2020,California,0,4,4
31/10/2020,Washington,0,5,5
31/10/2020,California,0,4,4
31/10/2020,Maryland,0,7,7
31/10/2020,Nevada,0,4,4
30/10/2020,Maryland,1,3,4
30/10/2020,Illinois,1,3,4
29/10/2020,Florida,0,4,4
28/10/2020,New Jersey,1,3,4
28/10/2020,Virginia,0,4,4
26/10/2020,Alabama,1,3,4
25/10/2020,Texas,2,3,5
25/10/2020,Texas,0,4,4
25/10/2020,North Carolina,1,3,4
24/10/2020,Mississippi,2,8,10
22/10/2020,Florida,1,3,4
22/10/2020,Massachusetts,0,4,4
22/10/2020,Maryland,0,4,4
22/10/2020,Louisiana,0,5,5
21/10/2020,New York,1,5,6
21/10/2020,Mississippi,1,3,4
20/10/2020,Texas,3,1,4
19/10/2020,Ohio,0,5,5
19/10/2020,Louisiana,1,3,4
18/10/2020,Maryland,1,3,4
18/10/2020,Illinois,1,4,5
18/10/2020,Tennessee,0,4,4
17/10/2020,New York,1,5,6
17/10/2020,South Carolina,0,5,5
16/10/2020,California,2,4,6
16/10/2020,Florida,3,1,4
16/10/2020,Arizona,1,6,7
16/10/2020,California,1,3,4
15/10/2020,Maryland,0,7,7
15/10/2020,Louisiana,2,2,4
14/10/2020,Pennsylvania,0,4,4
12/10/2020,South Carolina,2,3,5
11/10/2020,Georgia,0,4,4
10/10/2020,Illinois,1,3,4
10/10/2020,South Carolina,0,8,8
10/10/2020,Missouri,2,2,4
08/10/2020,Pennsylvania,1,6,7
07/10/2020,Alaska,1,4,5
07/10/2020,New York,1,3,4
05/10/2020,"Washington, D.C.",0,4,4
04/10/2020,Indiana,3,4,7
04/10/2020,Georgia,1,5,6
03/10/2020,California,1,3,4
03/10/2020,Tennessee,0,5,5
02/10/2020,Washington,0,4,4
02/10/2020,Louisiana,0,4,4
01/10/2020,Michigan,0,5,5
30/09/2020,North Carolina,0,4,4
30/09/2020,Wisconsin,0,7,7
30/09/2020,Florida,0,4,4
29/09/2020,Pennsylvania,0,5,5
29/09/2020,Ohio,2,2,4
28/09/2020,Michigan,0,6,6
27/09/2020,Tennessee,0,4,4
27/09/2020,Ohio,0,4,4
27/09/2020,California,1,3,4
26/09/2020,Pennsylvania,0,4,4
26/09/2020,Alabama,1,3,4
26/09/2020,Iowa,2,6,8
26/09/2020,Illinois,0,4,4
25/09/2020,Pennsylvania,0,4,4
23/09/2020,Georgia,1,3,4
23/09/2020,Minnesota,0,5,5
21/09/2020,Ohio,1,4,5
20/09/2020,New York,0,4,4
20/09/2020,Connecticut,1,3,4
19/09/2020,New York,1,4,5
19/09/2020,New York,2,14,16
19/09/2020,Illinois,0,4,4
19/09/2020,Illinois,0,4,4
19/09/2020,New Jersey,0,4,4
19/09/2020,Arkansas,0,5,5
18/09/2020,Arkansas,0,4,4
16/09/2020,Pennsylvania,2,3,5
15/09/2020,California,2,3,5
15/09/2020,Illinois,0,5,5
14/09/2020,Louisiana,0,4,4
14/09/2020,New Jersey,2,6,8
13/09/2020,Michigan,0,7,7
13/09/2020,Tennessee,3,3,6
13/09/2020,Florida,0,4,4
13/09/2020,Illinois,1,3,4
12/09/2020,Illinois,2,4,6
12/09/2020,North Carolina,0,5,5
11/09/2020,Louisiana,0,5,5
10/09/2020,Louisiana,3,1,4
09/09/2020,Missouri,1,3,4
08/09/2020,Maryland,0,5,5
07/09/2020,Louisiana,0,4,4
07/09/2020,New York,0,5,5
07/09/2020,Indiana,1,4,5
07/09/2020,California,7,0,7
07/09/2020,Illinois,1,3,4
06/09/2020,Illinois,0,4,4
06/09/2020,Colorado,0,4,4
06/09/2020,Tennessee,0,4,4
06/09/2020,Maryland,0,4,4
06/09/2020,Missouri,0,6,6
06/09/2020,Missouri,1,3,4
06/09/2020,Georgia,1,6,7
06/09/2020,Louisiana,0,5,5
05/09/2020,Texas,0,4,4
05/09/2020,Arkansas,0,4,4
05/09/2020,Maryland,1,3,4
05/09/2020,Florida,0,6,6
03/09/2020,Florida,0,4,4
03/09/2020,Pennsylvania,0,6,6
03/09/2020,Arkansas,0,4,4
03/09/2020,Arkansas,1,3,4
02/09/2020,Pennsylvania,2,2,4
02/09/2020,Georgia,1,3,4
02/09/2020,California,0,4,4
31/08/2020,Florida,0,4,4
30/08/2020,Texas,2,2,4
30/08/2020,Kentucky,0,7,7
30/08/2020,New York,1,4,5
30/08/2020,Illinois,1,4,5
30/08/2020,Kentucky,0,5,5
30/08/2020,Illinois,0,4,4
29/08/2020,Nevada,2,2,4
29/08/2020,Illinois,1,5,6
28/08/2020,Texas,0,5,5
28/08/2020,Minnesota,0,4,4
27/08/2020,Oregon,1,3,4
26/08/2020,Michigan,3,1,4
26/08/2020,South Carolina,0,4,4
26/08/2020,Pennsylvania,0,4,4
25/08/2020,Virginia,0,5,5
25/08/2020,New York,0,4,4
24/08/2020,Michigan,0,4,4
24/08/2020,California,1,3,4
24/08/2020,Florida,0,4,4
24/08/2020,Virginia,1,4,5
23/08/2020,Arkansas,0,7,7
23/08/2020,New York,1,3,4
23/08/2020,Tennessee,1,4,5
23/08/2020,Illinois,0,4,4
23/08/2020,Illinois,0,4,4
23/08/2020,Colorado,0,6,6
22/08/2020,Illinois,1,3,4
22/08/2020,Alabama,1,3,4
19/08/2020,Pennsylvania,0,4,4
19/08/2020,Illinois,0,6,6
18/08/2020,Pennsylvania,1,4,5
18/08/2020,New York,0,4,4
18/08/2020,Illinois,0,4,4
17/08/2020,Kentucky,2,2,4
17/08/2020,Ohio,0,5,5
17/08/2020,New York,0,4,4
17/08/2020,Texas,3,2,5
16/08/2020,Texas,0,5,5
16/08/2020,Ohio,2,9,11
16/08/2020,Kentucky,1,3,4
16/08/2020,Colorado,2,5,7
16/08/2020,Ohio,1,3,4
16/08/2020,Oklahoma,0,4,4
15/08/2020,Pennsylvania,0,5,5
15/08/2020,New York,0,5,5
15/08/2020,Michigan,4,0,4
15/08/2020,Connecticut,1,5,6
15/08/2020,Alabama,2,3,5
14/08/2020,New York,0,4,4
12/08/2020,Ohio,1,3,4
12/08/2020,New Jersey,1,4,5
11/08/2020,California,0,5,5
09/08/2020,Colorado,0,10,10
09/08/2020,Ohio,0,6,6
09/08/2020,"Washington, D.C.",1,21,22
09/08/2020,Mississippi,0,4,4
09/08/2020,Texas,0,4,4
08/08/2020,Kentucky,1,4,5
08/08/2020,Pennsylvania,0,6,6
08/08/2020,Massachusetts,0,5,5
08/08/2020,Alabama,1,5,6
08/08/2020,New York,1,3,4
06/08/2020,California,1,3,4
05/08/2020,Illinois,0,4,4
04/08/2020,Wisconsin,0,4,4
04/08/2020,"Washington, D.C.",0,4,4
04/08/2020,California,1,4,5
04/08/2020,Missouri,1,3,4
04/08/2020,Connecticut,1,5,6
03/08/2020,New York,0,4,4
02/08/2020,Pennsylvania,0,4,4
02/08/2020,New Jersey,0,5,5
01/08/2020,Illinois,1,4,5
01/08/2020,Texas,2,3,5
01/08/2020,Colorado,1,4,5
01/08/2020,Alabama,0,4,4
31/07/2020,Pennsylvania,1,3,4
30/07/2020,Florida,0,5,5
30/07/2020,Florida,0,5,5
29/07/2020,Michigan,0,4,4
29/07/2020,Missouri,3,1,4
29/07/2020,Ohio,5,0,5
28/07/2020,Delaware,2,2,4
28/07/2020,Wisconsin,0,4,4
27/07/2020,Washington,1,3,4
27/07/2020,Illinois,1,4,5
26/07/2020,Arkansas,0,4,4
26/07/2020,Texas,0,4,4
26/07/2020,Michigan,1,3,4
26/07/2020,Colorado,1,3,4
26/07/2020,Kentucky,1,3,4
25/07/2020,North Carolina,0,4,4
25/07/2020,California,0,7,7
25/07/2020,Michigan,0,6,6
25/07/2020,Florida,1,3,4
25/07/2020,Colorado,2,3,5
25/07/2020,Texas,0,4,4
24/07/2020,Georgia,2,2,4
23/07/2020,Virginia,1,3,4
23/07/2020,Virginia,0,4,4
23/07/2020,Illinois,2,4,6
22/07/2020,Michigan,0,4,4
21/07/2020,Illinois,0,15,15
20/07/2020,Illinois,0,5,5
20/07/2020,Virginia,1,4,5
19/07/2020,Illinois,0,13,13
19/07/2020,Nebraska,0,8,8
19/07/2020,Illinois,2,3,5
19/07/2020,"Washington, D.C.",1,8,9
19/07/2020,Michigan,0,4,4
19/07/2020,Michigan,3,1,4
18/07/2020,Illinois,1,4,5
17/07/2020,Ohio,0,4,4
17/07/2020,Florida,0,4,4
16/07/2020,Tennessee,0,5,5
15/07/2020,New York,1,5,6
15/07/2020,Louisiana,1,3,4
14/07/2020,Missouri,0,5,5
14/07/2020,North Carolina,0,8,8
13/07/2020,New York,0,6,6
13/07/2020,Kentucky,1,3,4
13/07/2020,Washington,0,6,6
12/07/2020,Mississippi,2,3,5
12/07/2020,Louisiana,1,7,8
12/07/2020,Michigan,0,5,5
12/07/2020,New York,1,3,4
12/07/2020,Florida,2,2,4
12/07/2020,Illinois,1,3,4
12/07/2020,Illinois,1,4,5
11/07/2020,New York,0,6,6
11/07/2020,Delaware,0,5,5
07/07/2020,New Jersey,4,3,7
07/07/2020,Virginia,0,5,5
06/07/2020,Illinois,0,6,6
05/07/2020,Michigan,2,4,6
05/07/2020,Texas,0,4,4
05/07/2020,Illinois,0,4,4
05/07/2020,Iowa,1,3,4
05/07/2020,South Carolina,2,8,10
05/07/2020,New York,0,5,5
05/07/2020,Arkansas,1,3,4
05/07/2020,Wisconsin,0,4,4
05/07/2020,Maryland,0,4,4
05/07/2020,Georgia,2,12,14
05/07/2020,Illinois,1,5,6
05/07/2020,Pennsylvania,0,4,4
05/07/2020,Missouri,2,3,5
05/07/2020,Illinois,1,5,6
05/07/2020,South Carolina,0,5,5
05/07/2020,Mississippi,0,4,4
04/07/2020,Maryland,1,3,4
04/07/2020,Louisiana,0,4,4
04/07/2020,Georgia,0,5,5
04/07/2020,Mississippi,1,3,4
04/07/2020,Illinois,1,3,4
04/07/2020,Illinois,4,4,8
04/07/2020,Massachusetts,1,4,5
03/07/2020,Maryland,0,4,4
03/07/2020,Alabama,1,3,4
02/07/2020,California,2,3,5
02/07/2020,Massachusetts,0,4,4
02/07/2020,New Jersey,1,4,5
01/07/2020,California,0,4,4
30/06/2020,Massachusetts,1,3,4
30/06/2020,Iowa,0,5,5
30/06/2020,Georgia,1,4,5
30/06/2020,Illinois,0,4,4
30/06/2020,Ohio,0,4,4
30/06/2020,Arkansas,0,4,4
29/06/2020,California,0,4,4
29/06/2020,South Dakota,1,3,4
28/06/2020,Pennsylvania,2,2,4
28/06/2020,Alabama,0,7,7
27/06/2020,California,2,4,6
27/06/2020,Illinois,0,4,4
27/06/2020,New York,0,4,4
27/06/2020,Illinois,1,3,4
27/06/2020,Arkansas,3,1,4
26/06/2020,Colorado,0,5,5
26/06/2020,California,0,4,4
26/06/2020,Arizona,0,4,4
25/06/2020,Pennsylvania,0,4,4
25/06/2020,Connecticut,1,3,4
24/06/2020,Tennessee,0,4,4
23/06/2020,Illinois,0,4,4
23/06/2020,Florida,0,5,5
22/06/2020,California,0,5,5
22/06/2020,North Carolina,3,6,9
22/06/2020,Minnesota,0,4,4
22/06/2020,Minnesota,0,4,4
22/06/2020,Illinois,0,5,5
22/06/2020,Illinois,0,4,4
22/06/2020,New York,0,5,5
21/06/2020,New York,0,4,4
21/06/2020,Texas,0,5,5
21/06/2020,Wisconsin,1,4,5
21/06/2020,Alabama,0,4,4
21/06/2020,Illinois,1,3,4
21/06/2020,Minnesota,1,11,12
20/06/2020,New York,0,9,9
20/06/2020,New York,0,4,4
20/06/2020,Michigan,0,4,4
20/06/2020,Michigan,1,3,4
20/06/2020,North Carolina,2,2,4
20/06/2020,New Jersey,1,4,5
20/06/2020,Kansas,0,5,5
20/06/2020,New York,0,4,4
20/06/2020,Wisconsin,0,4,4
18/06/2020,New York,0,7,7
17/06/2020,Illinois,0,4,4
16/06/2020,Iowa,2,2,4
15/06/2020,Illinois,0,4,4
15/06/2020,Illinois,0,4,4
14/06/2020,Minnesota,1,6,7
14/06/2020,Kentucky,1,4,5
14/06/2020,Louisiana,0,4,4
14/06/2020,Louisiana,0,5,5
14/06/2020,Louisiana,1,3,4
13/06/2020,California,0,5,5
13/06/2020,Arkansas,0,4,4
13/06/2020,Missouri,1,5,6
13/06/2020,New York,1,7,8
13/06/2020,Georgia,2,5,7
13/06/2020,Maryland,0,5,5
13/06/2020,"Washington, D.C.",2,5,7
12/06/2020,Pennsylvania,0,6,6
12/06/2020,New York,1,3,4
12/06/2020,Texas,0,8,8
11/06/2020,Virginia,0,4,4
11/06/2020,Louisiana,6,0,6
11/06/2020,"Washington, D.C.",0,7,7
11/06/2020,Texas,2,4,6
10/06/2020,California,1,3,4
10/06/2020,California,2,5,7
10/06/2020,Ohio,1,3,4
09/06/2020,North Carolina,0,5,5
09/06/2020,California,2,3,5
09/06/2020,Pennsylvania,1,6,7
08/06/2020,Tennessee,0,4,4
08/06/2020,New York,0,4,4
07/06/2020,Tennessee,0,5,5
07/06/2020,Illinois,1,3,4
07/06/2020,Illinois,0,6,6
07/06/2020,Missouri,2,7,9
07/06/2020,Arkansas,0,6,6
06/06/2020,California,1,4,5
06/06/2020,Ohio,0,4,4
06/06/2020,Missouri,1,4,5
05/06/2020,Colorado,0,4,4
04/06/2020,Alabama,7,0,7
02/06/2020,Wisconsin,0,5,5
02/06/2020,Texas,1,3,4
02/06/2020,Illinois,0,4,4
01/06/2020,Missouri,0,4,4
31/05/2020,Michigan,0,6,6
31/05/2020,Pennsylvania,0,4,4
31/05/2020,Mississippi,1,5,6
30/05/2020,Iowa,1,3,4
30/05/2020,Florida,1,5,6
30/05/2020,North Carolina,1,5,6
30/05/2020,Texas,1,4,5
29/05/2020,Virginia,0,5,5
28/05/2020,Pennsylvania,1,3,4
28/05/2020,Tennessee,0,4,4
28/05/2020,Kentucky,0,7,7
27/05/2020,Massachusetts,1,4,5
27/05/2020,Ohio,1,3,4
27/05/2020,California,0,5,5
27/05/2020,Pennsylvania,0,4,4
26/05/2020,Mississippi,0,4,4
26/05/2020,California,0,5,5
26/05/2020,Pennsylvania,0,4,4
26/05/2020,Illinois,2,2,4
26/05/2020,South Carolina,3,5,8
25/05/2020,Louisiana,0,6,6
24/05/2020,Mississippi,1,4,5
24/05/2020,Missouri,0,4,4
24/05/2020,Alabama,3,1,4
24/05/2020,South Carolina,0,4,4
23/05/2020,"Washington, D.C.",1,3,4
23/05/2020,Illinois,1,4,5
23/05/2020,South Carolina,2,5,7
23/05/2020,North Carolina,0,6,6
23/05/2020,Michigan,1,3,4
23/05/2020,Illinois,1,3,4
23/05/2020,Florida,0,6,6
23/05/2020,Florida,0,5,5
23/05/2020,Texas,0,4,4
22/05/2020,Ohio,1,3,4
20/05/2020,Texas,2,3,5
19/05/2020,Illinois,0,5,5
18/05/2020,California,0,5,5
17/05/2020,South Carolina,0,4,4
17/05/2020,Maryland,1,3,4
17/05/2020,South Carolina,4,1,5
16/05/2020,Louisiana,0,13,13
14/05/2020,New Mexico,0,5,5
13/05/2020,Illinois,1,4,5
13/05/2020,Kentucky,1,4,5
11/05/2020,Alabama,0,4,4
10/05/2020,Texas,0,6,6
10/05/2020,Louisiana,0,5,5
10/05/2020,Texas,0,5,5
09/05/2020,Missouri,0,4,4
07/05/2020,Maryland,0,4,4
06/05/2020,Tennessee,2,2,4
06/05/2020,Georgia,1,3,4
05/05/2020,Indiana,1,3,4
03/05/2020,Ohio,0,4,4
03/05/2020,Florida,0,4,4
03/05/2020,Illinois,0,5,5
02/05/2020,Pennsylvania,0,4,4
29/04/2020,Indiana,0,4,4
27/04/2020,Wisconsin,5,0,5
26/04/2020,North Carolina,1,4,5
26/04/2020,New York,0,4,4
25/04/2020,Illinois,1,3,4
25/04/2020,Tennessee,0,7,7
25/04/2020,Florida,1,4,5
24/04/2020,Indiana,0,4,4
24/04/2020,Texas,3,1,4
18/04/2020,Maryland,2,2,4
17/04/2020,Massachusetts,1,4,5
17/04/2020,North Carolina,1,3,4
15/04/2020,Mississippi,1,3,4
11/04/2020,California,0,6,6
10/04/2020,Michigan,0,4,4
08/04/2020,Michigan,0,4,4
08/04/2020,Alaska,0,4,4
08/04/2020,South Carolina,1,3,4
07/04/2020,Illinois,1,3,4
05/04/2020,New York,0,4,4
05/04/2020,South Carolina,1,4,5
05/04/2020,California,1,3,4
04/04/2020,Texas,0,4,4
04/04/2020,Texas,2,2,4
04/04/2020,Florida,1,4,5
03/04/2020,Kentucky,0,4,4
31/03/2020,Georgia,3,1,4
30/03/2020,Pennsylvania,0,5,5
29/03/2020,Georgia,0,4,4
28/03/2020,Maryland,1,3,4
23/03/2020,Texas,0,4,4
22/03/2020,South Carolina,0,4,4
20/03/2020,Virginia,0,4,4
20/03/2020,Missouri,0,4,4
18/03/2020,Florida,1,4,5
17/03/2020,Maryland,0,7,7
15/03/2020,Missouri,5,2,7
15/03/2020,North Carolina,7,0,7
14/03/2020,Michigan,2,2,4
14/03/2020,New Mexico,1,3,4
13/03/2020,Louisiana,0,5,5
13/03/2020,Illinois,0,4,4
10/03/2020,Pennsylvania,2,2,4
08/03/2020,California,1,3,4
08/03/2020,Wisconsin,1,3,4
08/03/2020,Illinois,0,4,4
08/03/2020,Maryland,1,5,6
07/03/2020,Ohio,1,17,18
07/03/2020,New Mexico,0,4,4
07/03/2020,Illinois,0,7,7
06/03/2020,"Washington, D.C.",0,6,6
04/03/2020,California,1,5,6
29/02/2020,Missouri,1,4,5
29/02/2020,Colorado,0,5,5
26/02/2020,Wisconsin,6,0,6
25/02/2020,Illinois,1,4,5
25/02/2020,Louisiana,0,6,6
23/02/2020,Texas,0,7,7
23/02/2020,North Carolina,3,1,4
20/02/2020,Idaho,2,3,5
20/02/2020,North Carolina,0,4,4
20/02/2020,Florida,4,0,4
19/02/2020,Pennsylvania,0,4,4
17/02/2020,Mississippi,2,2,4
16/02/2020,Florida,1,4,5
16/02/2020,Texas,1,3,4
16/02/2020,Connecticut,1,4,5
15/02/2020,Louisiana,0,4,4
15/02/2020,Tennessee,0,7,7
14/02/2020,Illinois,0,6,6
10/02/2020,Delaware,1,4,5
09/02/2020,Texas,0,4,4
09/02/2020,Ohio,3,2,5
08/02/2020,Texas,1,3,4
07/02/2020,Texas,1,3,4
05/02/2020,Indiana,4,0,4
03/02/2020,Maine,3,1,4
03/02/2020,California,1,5,6
01/02/2020,Mississippi,0,4,4
01/02/2020,Louisiana,4,0,4
31/01/2020,California,1,4,5
31/01/2020,Florida,1,3,4
31/01/2020,Louisiana,0,4,4
30/01/2020,California,0,4,4
27/01/2020,Connecticut,0,4,4
26/01/2020,New York,3,1,4
26/01/2020,Missouri,0,5,5
26/01/2020,North Carolina,0,6,6
26/01/2020,South Carolina,3,6,9
24/01/2020,North Carolina,5,0,5
24/01/2020,Illinois,2,2,4
22/01/2020,Washington,1,7,8
19/01/2020,Missouri,2,15,17
19/01/2020,Texas,2,2,4
19/01/2020,Tennessee,1,4,5
19/01/2020,Texas,2,5,7
17/01/2020,Utah,4,1,5
16/01/2020,Illinois,0,5,5
15/01/2020,Iowa,2,2,4
11/01/2020,Colorado,0,5,5
08/01/2020,Mississippi,2,2,4
05/01/2020,Georgia,0,4,4
04/01/2020,Florida,1,3,4
02/01/2020,New York,0,4,4
01/01/2020,Missouri,3,1,4
01/01/2020,Ohio,0,4,4
01/01/2020,West Virginia,0,7,7
01/01/2020,Puerto Rico,4,1,5
31/12/2021,Maryland,0,4,4
31/12/2021,California,0,6,6
31/12/2021,Mississippi,4,3,7
30/12/2021,Pennsylvania,0,6,6
30/12/2021,Missouri,2,2,4
27/12/2021,Alabama,1,3,4
27/12/2021,Colorado,6,2,8
27/12/2021,Ohio,1,3,4
26/12/2021,New York,0,4,4
26/12/2021,Virginia,1,4,5
26/12/2021,Texas,3,1,4
26/12/2021,Mississippi,0,7,7
26/12/2021,Pennsylvania,0,4,4
25/12/2021,Louisiana,0,4,4
24/12/2021,New York,0,4,4
24/12/2021,Georgia,1,3,4
24/12/2021,Pennsylvania,0,6,6
19/12/2021,Illinois,1,3,4
17/12/2021,Maryland,1,3,4
17/12/2021,Virginia,0,4,4
17/12/2021,Maryland,1,4,5
16/12/2021,Alabama,0,4,4
13/12/2021,California,0,4,4
13/12/2021,Pennsylvania,0,4,4
13/12/2021,North Carolina,2,4,6
12/12/2021,Mississippi,0,6,6
12/12/2021,Florida,0,5,5
12/12/2021,Texas,1,14,15
12/12/2021,Virginia,0,4,4
11/12/2021,Illinois,1,3,4
10/12/2021,Michigan,1,3,4
10/12/2021,Florida,0,5,5
10/12/2021,North Carolina,0,5,5
09/12/2021,Wisconsin,1,5,6
06/12/2021,Pennsylvania,0,4,4
05/12/2021,Michigan,2,2,4
05/12/2021,Texas,1,3,4
03/12/2021,Tennessee,2,2,4
02/12/2021,North Carolina,3,3,6
30/11/2021,Michigan,4,7,11
30/11/2021,Georgia,4,2,6
28/11/2021,Maryland,0,7,7
28/11/2021,Illinois,1,4,5
28/11/2021,California,5,0,5
28/11/2021,Colorado,0,5,5
28/11/2021,Pennsylvania,0,4,4
27/11/2021,New Jersey,1,3,4
26/11/2021,Tennessee,3,4,7
25/11/2021,Texas,2,2,4
25/11/2021,South Carolina,0,4,4
23/11/2021,Florida,0,4,4
23/11/2021,Texas,1,3,4
22/11/2021,North Carolina,2,2,4
21/11/2021,Louisiana,1,4,5
21/11/2021,New Jersey,0,5,5
20/11/2021,California,2,2,4
20/11/2021,Illinois,0,4,4
18/11/2021,Maryland,1,3,4
17/11/2021,Illinois,1,3,4
17/11/2021,New York,0,4,4
17/11/2021,New York,0,4,4
17/11/2021,Illinois,0,4,4
15/11/2021,New York,0,4,4
15/11/2021,Colorado,0,6,6
14/11/2021,Pennsylvania,0,6,6
14/11/2021,Missouri,1,5,6
14/11/2021,Oregon,2,2,4
14/11/2021,Arizona,4,1,5
14/11/2021,Alabama,1,5,6
13/11/2021,North Carolina,0,4,4
13/11/2021,Louisiana,0,4,4
12/11/2021,Virginia,2,2,4
12/11/2021,Alabama,2,2,4
09/11/2021,New York,0,4,4
09/11/2021,South Dakota,3,2,5
09/11/2021,Louisiana,1,4,5
08/11/2021,Pennsylvania,0,4,4
07/11/2021,Wisconsin,1,3,4
06/11/2021,California,2,2,4
06/11/2021,Texas,0,6,6
06/11/2021,California,0,4,4
05/11/2021,California,1,3,4
03/11/2021,Iowa,0,4,4
03/11/2021,Virginia,3,2,5
02/11/2021,Alabama,0,4,4
01/11/2021,Florida,0,4,4
01/11/2021,Texas,0,4,4
31/10/2021,Illinois,1,3,4
31/10/2021,Colorado,2,2,4
31/10/2021,Texas,1,9,10
31/10/2021,Kentucky,2,2,4
31/10/2021,Texas,1,3,4
31/10/2021,Illinois,2,12,14
30/10/2021,California,1,3,4
30/10/2021,Texas,1,9,10
30/10/2021,Oklahoma,0,4,4
30/10/2021,Illinois,0,4,4
30/10/2021,Florida,1,4,5
30/10/2021,California,2,5,7
29/10/2021,Michigan,0,4,4
29/10/2021,New York,0,5,5
28/10/2021,Nevada,0,4,4
28/10/2021,Tennessee,1,3,4
25/10/2021,Idaho,3,4,7
25/10/2021,Tennessee,0,4,4
24/10/2021,California,2,2,4
24/10/2021,Mississippi,2,3,5
23/10/2021,South Carolina,0,6,6
23/10/2021,California,1,4,5
23/10/2021,Georgia,1,7,8
22/10/2021,Illinois,0,5,5
22/10/2021,Washington,0,4,4
22/10/2021,Maryland,0,7,7
21/10/2021,Washington,4,0,4
21/10/2021,New York,0,4,4
20/10/2021,Michigan,4,0,4
19/10/2021,Wisconsin,3,2,5
17/10/2021,Texas,0,5,5
17/10/2021,Missouri,1,3,4
17/10/2021,Arkansas,0,4,4
17/10/2021,Colorado,0,5,5
17/10/2021,Louisiana,1,7,8
17/10/2021,Wisconsin,0,6,6
17/10/2021,Arkansas,1,7,8
17/10/2021,Mississippi,3,3,6
16/10/2021,Texas,1,3,4
15/10/2021,Alabama,0,5,5
14/10/2021,Minnesota,1,4,5
12/10/2021,Florida,1,5,6
12/10/2021,Mississippi,3,1,4
11/10/2021,Georgia,0,6,6
10/10/2021,South Carolina,2,3,5
10/10/2021,Minnesota,1,14,15
10/10/2021,Iowa,0,4,4
10/10/2021,Illinois,1,4,5
10/10/2021,Delaware,1,4,5
09/10/2021,Texas,0,4,4
09/10/2021,New York,1,6,7
09/10/2021,Colorado,1,3,4
09/10/2021,Louisiana,2,4,6
08/10/2021,Maryland,0,4,4
08/10/2021,"Washington, D.C.",1,3,4
07/10/2021,Wisconsin,3,1,4
07/10/2021,Illinois,0,4,4
07/10/2021,Wisconsin,0,5,5
06/10/2021,Maryland,1,5,6
06/10/2021,Ohio,0,4,4
06/10/2021,Louisiana,1,3,4
05/10/2021,Illinois,1,3,4
05/10/2021,Minnesota,0,4,4
04/10/2021,Minnesota,0,4,4
03/10/2021,South Carolina,1,4,5
02/10/2021,Colorado,1,3,4
02/10/2021,Texas,1,3,4
01/10/2021,"Washington, D.C.",1,5,6
01/10/2021,Iowa,0,6,6
29/09/2021,Illinois,0,5,5
28/09/2021,Illinois,1,3,4
28/09/2021,Minnesota,1,3,4
27/09/2021,Illinois,1,3,4
27/09/2021,New York,0,5,5
26/09/2021,Washington,3,3,6
26/09/2021,Illinois,0,6,6
26/09/2021,California,0,4,4
25/09/2021,New York,0,4,4
25/09/2021,Tennessee,2,5,7
25/09/2021,California,0,6,6
25/09/2021,Tennessee,4,0,4
24/09/2021,South Carolina,4,1,5
24/09/2021,California,0,4,4
23/09/2021,Tennessee,2,14,16
23/09/2021,Pennsylvania,0,4,4
22/09/2021,North Carolina,2,2,4
21/09/2021,"Washington, D.C.",0,5,5
20/09/2021,California,1,4,5
20/09/2021,Pennsylvania,1,5,6
20/09/2021,Missouri,1,3,4
19/09/2021,South Carolina,1,7,7
19/09/2021,Florida,0,4,4
19/09/2021,Texas,2,4,6
19/09/2021,California,1,3,4
19/09/2021,Illinois,0,5,5
19/09/2021,New York,2,2,4
18/09/2021,New York,1,3,4
18/09/2021,Illinois,2,2,4
18/09/2021,New York,0,4,4
18/09/2021,Louisiana,0,5,5
17/09/2021,Georgia,0,4,4
14/09/2021,Maryland,0,4,4
14/09/2021,Ohio,0,6,6
13/09/2021,Wisconsin,0,5,5
12/09/2021,Minnesota,4,0,4
12/09/2021,Texas,0,4,4
12/09/2021,Michigan,2,4,6
12/09/2021,Illinois,2,2,4
11/09/2021,Alabama,0,5,5
11/09/2021,Illinois,1,3,4
11/09/2021,Illinois,1,5,6
11/09/2021,New Jersey,0,4,4
11/09/2021,New York,0,4,4
10/09/2021,Florida,0,4,4
09/09/2021,Illinois,0,7,7
09/09/2021,Alabama,1,3,4
08/09/2021,Missouri,0,4,4
07/09/2021,Kansas,1,5,6
07/09/2021,Delaware,0,4,4
06/09/2021,Georgia,0,5,5
05/09/2021,Michigan,0,4,4
05/09/2021,Missouri,0,4,4
05/09/2021,New York,0,4,4
05/09/2021,Missouri,0,4,4
05/09/2021,Texas,4,0,4
05/09/2021,Georgia,0,7,7
05/09/2021,Florida,4,2,6
05/09/2021,Ohio,0,4,4
04/09/2021,Alabama,2,2,4
04/09/2021,Louisiana,1,3,4
04/09/2021,"Washington, D.C.",3,3,6
04/09/2021,Georgia,1,4,5
04/09/2021,Pennsylvania,0,4,4
04/09/2021,Illinois,0,5,5
03/09/2021,New York,0,4,4
03/09/2021,Texas,1,3,4
03/09/2021,Louisiana,1,3,4
02/09/2021,New York,0,4,4
31/08/2021,North Carolina,2,2,4
30/08/2021,Illinois,3,3,6
29/08/2021,Tennessee,0,5,5
29/08/2021,Nevada,1,3,4
29/08/2021,Wisconsin,0,4,4
28/08/2021,New York,0,5,5
28/08/2021,California,0,4,4
28/08/2021,Illinois,0,4,4
27/08/2021,Pennsylvania,1,4,5
27/08/2021,West Virginia,2,2,4
27/08/2021,California,0,4,4
26/08/2021,Minnesota,0,7,7
23/08/2021,Illinois,0,4,4
22/08/2021,Illinois,1,4,5
22/08/2021,Illinois,1,3,4
22/08/2021,Oregon,0,5,5
22/08/2021,Michigan,1,3,4
21/08/2021,Illinois,0,4,4
21/08/2021,Illinois,1,5,6
20/08/2021,Michigan,1,3,4
19/08/2021,Illinois,0,4,4
19/08/2021,Pennsylvania,1,4,5
19/08/2021,Maryland,1,3,4
18/08/2021,Maryland,1,3,4
18/08/2021,Ohio,2,4,6
18/08/2021,California,0,4,4
18/08/2021,North Carolina,1,3,4
17/08/2021,New York,0,5,5
16/08/2021,New York,0,8,8
16/08/2021,Michigan,1,3,4
15/08/2021,Texas,3,2,5
15/08/2021,Illinois,0,4,4
14/08/2021,Ohio,0,5,5
14/08/2021,Indiana,1,4,5
14/08/2021,New York,0,4,4
14/08/2021,New Jersey,0,4,4
13/08/2021,Nevada,1,6,7
11/08/2021,Pennsylvania,1,4,5
10/08/2021,Oregon,2,4,6
10/08/2021,Mississippi,2,2,4
09/08/2021,Michigan,2,4,6
09/08/2021,Massachusetts,1,5,6
08/08/2021,Illinois,1,4,5
08/08/2021,Louisiana,0,5,5
08/08/2021,Texas,1,5,6
08/08/2021,Illinois,1,6,7
08/08/2021,New York,2,3,5
07/08/2021,Alabama,0,4,4
07/08/2021,Illinois,0,4,4
07/08/2021,Virginia,0,4,4
06/08/2021,Tennessee,0,4,4
04/08/2021,Pennsylvania,0,4,4
03/08/2021,Illinois,1,3,4
02/08/2021,South Carolina,3,1,4
02/08/2021,South Carolina,0,9,9
01/08/2021,Louisiana,0,5,5
01/08/2021,Louisiana,1,3,4
01/08/2021,Texas,1,3,4
01/08/2021,Rhode Island,0,5,5
31/07/2021,Ohio,1,4,5
31/07/2021,Illinois,0,4,4
31/07/2021,Michigan,2,2,4
31/07/2021,New York,0,10,10
31/07/2021,Indiana,0,5,5
31/07/2021,Kentucky,0,5,5
29/07/2021,Iowa,0,4,4
29/07/2021,Pennsylvania,3,2,5
28/07/2021,South Carolina,1,4,5
28/07/2021,"Washington, D.C.",0,4,4
26/07/2021,Texas,2,3,5
25/07/2021,Michigan,0,7,7
25/07/2021,California,5,1,6
25/07/2021,Illinois,0,5,5
25/07/2021,Washington,2,3,5
24/07/2021,Ohio,0,4,4
24/07/2021,Texas,0,6,6
24/07/2021,Georgia,2,2,4
23/07/2021,California,2,4,6
23/07/2021,South Carolina,2,2,4
23/07/2021,South Carolina,0,4,4
22/07/2021,Texas,1,5,6
21/07/2021,Illinois,2,3,5
21/07/2021,Maryland,1,4,5
21/07/2021,Illinois,2,3,5
21/07/2021,Illinois,0,8,8
20/07/2021,Texas,4,0,4
19/07/2021,Illinois,0,4,4
19/07/2021,New Jersey,0,6,6
18/07/2021,Ohio,1,3,4
18/07/2021,Florida,1,4,5
18/07/2021,North Carolina,0,4,4
18/07/2021,Arizona,2,4,6
18/07/2021,Texas,3,2,5
18/07/2021,California,1,3,4
17/07/2021,Oregon,1,6,7
17/07/2021,Illinois,0,6,6
16/07/2021,California,2,4,6
16/07/2021,"Washington, D.C.",1,5,6
16/07/2021,New Hampshire,0,4,4
16/07/2021,South Carolina,1,3,4
16/07/2021,Illinois,1,3,4
16/07/2021,Pennsylvania,1,4,5
15/07/2021,Massachusetts,0,4,4
15/07/2021,Texas,1,3,4
15/07/2021,Missouri,1,4,5
14/07/2021,Illinois,0,5,5
14/07/2021,Illinois,0,5,5
14/07/2021,Delaware,2,2,4
13/07/2021,Indiana,0,4,4
13/07/2021,Michigan,1,6,7
12/07/2021,New Jersey,0,4,4
12/07/2021,New York,0,4,4
12/07/2021,Pennsylvania,2,3,5
12/07/2021,California,3,1,4
11/07/2021,Texas,1,5,6
10/07/2021,Pennsylvania,0,6,6
10/07/2021,Massachusetts,0,4,4
10/07/2021,Ohio,1,3,4
08/07/2021,Connecticut,0,4,4
05/07/2021,New York,0,4,4
05/07/2021,California,1,3,4
05/07/2021,Illinois,2,4,6
05/07/2021,Ohio,1,11,12
04/07/2021,California,0,4,4
04/07/2021,Ohio,2,3,5
04/07/2021,Ohio,0,4,4
04/07/2021,Illinois,0,4,4
04/07/2021,Nebraska,1,4,5
04/07/2021,Illinois,0,4,4
04/07/2021,Missouri,0,4,4
04/07/2021,Texas,0,8,8
04/07/2021,Illinois,0,5,5
04/07/2021,Texas,0,5,5
04/07/2021,Texas,3,2,5
03/07/2021,North Carolina,3,1,4
03/07/2021,Pennsylvania,0,4,4
03/07/2021,Georgia,1,3,4
03/07/2021,Illinois,0,4,4
02/07/2021,Pennsylvania,1,4,5
02/07/2021,Virginia,0,4,4
02/07/2021,Illinois,1,4,5
01/07/2021,Illinois,0,7,7
01/07/2021,South Carolina,2,4,6
01/07/2021,Virginia,1,3,4
30/06/2021,Illinois,0,4,4
30/06/2021,Louisiana,0,4,4
30/06/2021,Delaware,1,3,4
30/06/2021,Texas,3,1,4
28/06/2021,New York,1,3,4
27/06/2021,Illinois,1,3,4
27/06/2021,Illinois,1,10,11
27/06/2021,Illinois,1,5,6
27/06/2021,Tennessee,3,1,4
27/06/2021,North Carolina,0,4,4
26/06/2021,Texas,1,3,4
26/06/2021,Illinois,1,3,4
26/06/2021,Alabama,1,3,4
25/06/2021,Ohio,0,4,4
25/06/2021,Illinois,0,4,4
25/06/2021,New York,0,5,5
24/06/2021,Florida,1,4,5
23/06/2021,New York,0,4,4
23/06/2021,Illinois,0,4,4
23/06/2021,Alabama,2,2,4
23/06/2021,Illinois,0,4,4
21/06/2021,"Washington, D.C.",0,4,4
21/06/2021,Missouri,3,4,7
20/06/2021,Virginia,1,3,4
20/06/2021,Ohio,1,3,4
20/06/2021,Colorado,1,4,5
20/06/2021,Florida,1,10,11
20/06/2021,California,3,5,8
20/06/2021,Texas,0,8,8
20/06/2021,Indiana,1,4,5
20/06/2021,New Jersey,1,3,4
19/06/2021,California,1,6,7
19/06/2021,Alaska,1,4,5
19/06/2021,Louisiana,2,4,6
19/06/2021,New Jersey,0,4,4
18/06/2021,Minnesota,0,5,5
17/06/2021,North Carolina,2,2,4
17/06/2021,Virginia,0,4,4
17/06/2021,New Jersey,0,4,4
17/06/2021,Arizona,1,12,13
16/06/2021,Maryland,1,5,6
15/06/2021,Illinois,0,5,5
15/06/2021,Illinois,5,3,8
15/06/2021,Alabama,2,2,4
14/06/2021,Florida,1,3,4
14/06/2021,Michigan,2,2,4
13/06/2021,Ohio,1,5,6
13/06/2021,Kentucky,1,3,4
12/06/2021,Ohio,0,4,4
12/06/2021,Illinois,1,9,10
12/06/2021,Ohio,3,4,7
12/06/2021,Texas,1,13,14
11/06/2021,Texas,0,5,5
11/06/2021,North Carolina,1,3,4
11/06/2021,Georgia,1,7,8
11/06/2021,Washington,2,2,4
10/06/2021,Michigan,1,3,4
10/06/2021,New York,0,4,4
08/06/2021,Tennessee,1,4,5
08/06/2021,Tennessee,1,3,4
08/06/2021,Texas,0,5,5
07/06/2021,Ohio,0,6,6
07/06/2021,Florida,3,3,6
06/06/2021,Florida,3,6,9
06/06/2021,Missouri,0,4,4
06/06/2021,North Carolina,0,4,4
06/06/2021,Oregon,4,0,4
06/06/2021,California,0,5,5
06/06/2021,Utah,1,4,5
06/06/2021,Illinois,0,8,8
05/06/2021,Indiana,2,2,4
05/06/2021,Louisiana,0,8,8
04/06/2021,Michigan,1,3,4
02/06/2021,Delaware,1,3,4
02/06/2021,Ohio,0,4,4
02/06/2021,Arkansas,0,4,4
02/06/2021,Ohio,0,6,6
31/05/2021,Missouri,0,4,4
31/05/2021,Ohio,1,4,5
31/05/2021,New York,0,5,5
30/05/2021,Illinois,0,4,4
30/05/2021,Alabama,1,4,5
30/05/2021,Florida,3,20,23
29/05/2021,Texas,2,2,4
28/05/2021,Missouri,1,3,4
28/05/2021,Florida,1,6,7
27/05/2021,North Carolina,0,5,5
26/05/2021,California,10,0,10
26/05/2021,Illinois,0,4,4
24/05/2021,Michigan,2,2,4
24/05/2021,Ohio,4,0,4
24/05/2021,New York,0,4,4
23/05/2021,Illinois,0,4,4
23/05/2021,New Jersey,0,5,5
23/05/2021,Virginia,0,4,4
23/05/2021,Ohio,3,8,11
23/05/2021,Illinois,0,4,4
22/05/2021,Texas,0,4,4
22/05/2021,Ohio,1,5,6
22/05/2021,Minnesota,2,8,10
22/05/2021,Indiana,1,4,5
22/05/2021,South Carolina,1,14,15
22/05/2021,New Jersey,2,12,14
21/05/2021,New York,1,5,6
21/05/2021,New Jersey,2,4,6
20/05/2021,Indiana,0,4,4
18/05/2021,California,2,5,7
18/05/2021,California,1,4,5
17/05/2021,Oregon,0,4,4
16/05/2021,Ohio,1,3,4
16/05/2021,Georgia,0,4,4
16/05/2021,Michigan,0,5,5
16/05/2021,Georgia,0,4,4
16/05/2021,Alabama,1,4,5
16/05/2021,Georgia,1,5,6
15/05/2021,New York,1,4,5
15/05/2021,"Washington, D.C.",1,3,4
15/05/2021,Illinois,2,3,5
14/05/2021,Pennsylvania,0,4,4
13/05/2021,"Washington, D.C.",0,4,4
13/05/2021,Georgia,2,2,4
13/05/2021,Rhode Island,0,9,9
12/05/2021,Georgia,1,3,4
11/05/2021,Maryland,0,4,4
10/05/2021,Alabama,0,7,7
09/05/2021,Colorado,7,0,7
09/05/2021,Arizona,1,7,8
08/05/2021,California,0,4,4
08/05/2021,California,0,4,4
08/05/2021,Michigan,0,4,4
08/05/2021,Maryland,4,1,5
07/05/2021,Missouri,2,3,5
06/05/2021,New Jersey,0,5,5
05/05/2021,Illinois,0,4,4
03/05/2021,Michigan,1,4,5
02/05/2021,Ohio,0,4,4
02/05/2021,Pennsylvania,1,3,4
02/05/2021,Maryland,1,3,4
02/05/2021,Illinois,0,5,5
02/05/2021,Minnesota,0,4,4
01/05/2021,Florida,1,3,4
01/05/2021,Massachusetts,0,5,5
01/05/2021,Wisconsin,3,1,4
01/05/2021,New York,1,4,5
01/05/2021,Louisiana,2,4,6
01/05/2021,Georgia,1,3,4
01/05/2021,Delaware,0,4,4
29/04/2021,Georgia,1,4,5
28/04/2021,Florida,0,5,5
28/04/2021,North Carolina,5,0,5
27/04/2021,Alabama,1,4,5
27/04/2021,Virginia,2,3,5
26/04/2021,Oregon,0,7,7
25/04/2021,Louisiana,0,5,5
25/04/2021,Alabama,0,4,4
25/04/2021,Arkansas,1,3,4
25/04/2021,Missouri,1,3,4
25/04/2021,Texas,0,4,4
24/04/2021,Louisiana,0,5,5
22/04/2021,California,1,4,5
19/04/2021,United States Virgin Islands,2,2,4
19/04/2021,Texas,2,3,5
19/04/2021,Georgia,0,5,5
18/04/2021,Alabama,1,4,5
18/04/2021,Louisiana,0,5,5
18/04/2021,Michigan,1,5,6
18/04/2021,Wisconsin,3,2,5
17/04/2021,Louisiana,0,9,9
17/04/2021,Ohio,1,5,6
16/04/2021,Michigan,0,4,4
15/04/2021,Indiana,9,7,16
15/04/2021,"Washington, D.C.",0,4,4
15/04/2021,Florida,0,5,5
15/04/2021,Illinois,0,4,4
13/04/2021,Maryland,0,4,4
12/04/2021,Illinois,1,3,4
12/04/2021,Tennessee,1,3,4
12/04/2021,Georgia,1,3,4
11/04/2021,Kansas,1,3,4
11/04/2021,Washington,0,5,5
10/04/2021,Missouri,1,3,4
10/04/2021,Tennessee,1,4,5
10/04/2021,Connecticut,0,4,4
10/04/2021,Michigan,0,4,4
09/04/2021,Texas,1,5,6
08/04/2021,Texas,1,5,6
07/04/2021,Wisconsin,2,2,4
07/04/2021,South Carolina,7,0,7
06/04/2021,Michigan,1,3,4
06/04/2021,New York,4,0,4
05/04/2021,Illinois,0,7,7
05/04/2021,Maryland,0,5,5
05/04/2021,Texas,6,0,6
04/04/2021,Louisiana,0,6,6
04/04/2021,Alabama,1,6,7
04/04/2021,Texas,0,4,4
03/04/2021,Alabama,0,5,5
03/04/2021,Florida,0,7,7
03/04/2021,North Carolina,3,4,7
31/03/2021,California,4,2,6
31/03/2021,"Washington, D.C.",2,3,5
30/03/2021,Texas,0,4,4
28/03/2021,Maryland,5,1,6
28/03/2021,Illinois,0,4,4
28/03/2021,Texas,0,4,4
28/03/2021,Ohio,0,7,7
27/03/2021,Illinois,1,3,4
27/03/2021,Illinois,0,4,4
27/03/2021,Mississippi,0,6,6
27/03/2021,Tennessee,3,2,5
26/03/2021,Pennsylvania,0,7,7
26/03/2021,Virginia,2,8,8
26/03/2021,Illinois,1,7,8
23/03/2021,Georgia,0,4,4
23/03/2021,Alabama,2,2,4
22/03/2021,Michigan,1,3,4
22/03/2021,Ohio,2,2,4
22/03/2021,Colorado,10,2,12
20/03/2021,Texas,0,5,5
20/03/2021,Texas,1,7,8
20/03/2021,Pennsylvania,1,4,5
18/03/2021,Oregon,0,4,4
18/03/2021,Louisiana,0,4,4
17/03/2021,California,0,5,5
16/03/2021,Arizona,4,1,5
16/03/2021,Georgia,8,1,9
15/03/2021,Indiana,1,4,5
14/03/2021,Florida,0,4,4
14/03/2021,Illinois,0,4,4
14/03/2021,Illinois,2,13,15
13/03/2021,New York,0,5,5
13/03/2021,Virginia,2,4,6
13/03/2021,Indiana,4,1,5
13/03/2021,Florida,1,3,4
12/03/2021,North Carolina,0,4,4
11/03/2021,New Mexico,1,3,4
11/03/2021,South Carolina,1,4,5
11/03/2021,Pennsylvania,2,2,4
10/03/2021,Pennsylvania,0,4,4
10/03/2021,Texas,3,1,4
08/03/2021,Florida,1,3,4
07/03/2021,Mississippi,0,4,4
06/03/2021,California,2,3,5
06/03/2021,North Carolina,1,4,5
05/03/2021,California,1,4,5
04/03/2021,"Washington, D.C.",0,5,5
03/03/2021,Pennsylvania,1,3,4
28/02/2021,Texas,0,4,4
28/02/2021,Ohio,4,2,6
28/02/2021,Indiana,0,4,4
28/02/2021,South Carolina,0,4,4
28/02/2021,Louisiana,0,5,5
28/02/2021,Delaware,0,4,4
27/02/2021,Mississippi,0,4,4
27/02/2021,Mississippi,2,3,5
26/02/2021,California,1,3,4
26/02/2021,Texas,1,5,6
26/02/2021,Louisiana,0,4,4
21/02/2021,North Carolina,0,4,4
21/02/2021,Missouri,1,4,5
20/02/2021,Pennsylvania,1,3,4
20/02/2021,Illinois,1,4,5
20/02/2021,Louisiana,3,2,5
19/02/2021,Colorado,1,3,4
18/02/2021,Louisiana,1,3,4
17/02/2021,Pennsylvania,0,8,8
16/02/2021,Florida,3,1,4
13/02/2021,California,0,6,6
13/02/2021,Indiana,0,4,4
13/02/2021,North Carolina,1,3,4
13/02/2021,California,0,6,6
11/02/2021,Georgia,1,4,5
10/02/2021,Georgia,0,4,4
09/02/2021,Texas,0,4,4
09/02/2021,Minnesota,1,4,5
08/02/2021,Alabama,0,4,4
06/02/2021,Louisiana,0,4,4
06/02/2021,Washington,1,3,4
06/02/2021,Tennessee,1,4,5
06/02/2021,Illinois,1,5,6
05/02/2021,Mississippi,3,1,4
05/02/2021,Virginia,2,2,4
05/02/2021,Pennsylvania,1,3,4
04/02/2021,North Carolina,2,3,5
03/02/2021,Colorado,3,1,4
03/02/2021,Colorado,2,3,5
03/02/2021,Tennessee,1,3,4
02/02/2021,Oklahoma,6,1,7
02/02/2021,Florida,3,3,6
01/02/2021,New York,1,3,4
30/01/2021,New York,1,4,5
29/01/2021,Pennsylvania,2,3,5
28/01/2021,Michigan,1,4,5
27/01/2021,California,0,4,4
25/01/2021,"Washington, D.C.",1,4,5
24/01/2021,Nevada,0,5,5
24/01/2021,Indiana,6,1,7
22/01/2021,Kentucky,0,5,5
21/01/2021,California,1,3,4
20/01/2021,Louisiana,0,4,4
18/01/2021,Pennsylvania,0,4,4
17/01/2021,Arizona,0,5,5
17/01/2021,Arizona,1,6,7
16/01/2021,Illinois,0,5,5
16/01/2021,California,0,5,5
15/01/2021,Pennsylvania,0,4,4
11/01/2021,Florida,0,4,4
09/01/2021,Texas,1,3,4
09/01/2021,Illinois,6,2,8
07/01/2021,"Washington, D.C.",0,5,5
06/01/2021,Virginia,1,3,4
06/01/2021,Texas,1,3,4
05/01/2021,Florida,0,5,5
04/01/2021,Florida,0,7,7
04/01/2021,Louisiana,0,4,4
03/01/2021,Florida,0,4,4
03/01/2021,Florida,0,8,8
03/01/2021,Oregon,0,4,4
03/01/2021,Texas,1,4,5
03/01/2021,California,2,2,4
03/01/2021,Louisiana,2,3,5
01/01/2021,Illinois,0,4,4
01/01/2021,Iowa,1,4,5
01/01/2021,Texas,1,3,4
01/01/2021,Arkansas,0,7,7
07/04/2022,Mississippi,4,0,4
06/04/2022,Pennsylvania,1,3,4
04/04/2022,Connecticut,1,3,4
04/04/2022,Kentucky,0,4,4
03/04/2022,California,2,2,4
03/04/2022,California,6,12,18
03/04/2022,Arkansas,2,2,4
03/04/2022,New York,0,4,4
03/04/2022,Texas,1,15,16
02/04/2022,Colorado,0,5,5
02/04/2022,Louisiana,1,4,5
02/04/2022,Louisiana,1,3,4
02/04/2022,North Carolina,1,3,4
01/04/2022,South Carolina,0,5,5
31/03/2022,Pennsylvania,2,2,4
29/03/2022,New York,0,4,4
28/03/2022,Oregon,0,4,4
27/03/2022,Louisiana,2,2,4
26/03/2022,California,2,3,5
26/03/2022,Ohio,0,4,4
26/03/2022,Virginia,0,4,4
25/03/2022,Colorado,2,2,4
23/03/2022,Arizona,0,5,5
23/03/2022,New York,0,4,4
22/03/2022,California,1,3,4
21/03/2022,Illinois,2,2,4
21/03/2022,Connecticut,0,4,4
20/03/2022,Texas,0,10,10
20/03/2022,Wisconsin,0,4,4
20/03/2022,Texas,1,3,4
20/03/2022,Texas,0,4,4
19/03/2022,North Carolina,3,2,5
19/03/2022,Texas,0,10,10
19/03/2022,Arkansas,1,26,27
19/03/2022,Virginia,1,4,5
19/03/2022,Virginia,2,3,5
18/03/2022,Louisiana,0,5,5
18/03/2022,Texas,1,3,4
17/03/2022,Michigan,0,4,4
17/03/2022,Florida,2,2,4
17/03/2022,Illinois,0,4,4
16/03/2022,New Jersey,1,3,4
15/03/2022,Alabama,0,5,5
15/03/2022,Hawaii,1,3,4
14/03/2022,New Mexico,2,4,6
14/03/2022,Pennsylvania,1,3,4
13/03/2022,Illinois,0,7,7
13/03/2022,South Carolina,1,4,5
13/03/2022,New York,2,2,4
12/03/2022,Alabama,1,3,4
12/03/2022,Maryland,3,1,4
11/03/2022,Ohio,1,3,4
09/03/2022,Colorado,1,3,4
08/03/2022,Florida,1,4,5
08/03/2022,Missouri,3,1,4
07/03/2022,Tennessee,0,4,4
06/03/2022,Kentucky,0,4,4
06/03/2022,Texas,0,4,4
06/03/2022,Minnesota,1,3,4
06/03/2022,Pennsylvania,1,4,5
06/03/2022,Louisiana,0,4,4
06/03/2022,South Carolina,2,3,5
05/03/2022,Arizona,1,3,4
05/03/2022,Georgia,0,4,4
05/03/2022,Georgia,0,4,4
03/03/2022,Nevada,1,6,7
02/03/2022,Maryland,1,3,4
28/02/2022,California,5,0,5
27/02/2022,California,0,4,4
27/02/2022,Louisiana,0,4,4
26/02/2022,South Carolina,1,3,4
26/02/2022,Louisiana,0,10,10
26/02/2022,New Mexico,1,3,4
26/02/2022,Nevada,1,13,14
25/02/2022,Louisiana,2,2,4
24/02/2022,Texas,4,0,4
24/02/2022,Texas,0,4,4
23/02/2022,Georgia,0,4,4
22/02/2022,Georgia,1,3,4
21/02/2022,Minnesota,1,3,4
20/02/2022,Nebraska,0,4,4
20/02/2022,Oregon,1,3,4
20/02/2022,Mississippi,1,4,5
19/02/2022,Oregon,1,5,6
19/02/2022,Alabama,0,4,4
19/02/2022,Missouri,2,14,16
19/02/2022,California,0,7,7
19/02/2022,North Carolina,2,2,4
17/02/2022,Pennsylvania,0,4,4
17/02/2022,Texas,0,5,5
16/02/2022,Florida,1,3,4
15/02/2022,Illinois,1,3,4
13/02/2022,Wisconsin,1,5,6
12/02/2022,California,0,4,4
12/02/2022,Arkansas,1,3,4
12/02/2022,Tennessee,1,4,5
11/02/2022,Missouri,0,4,4
11/02/2022,Arizona,2,9,11
06/02/2022,California,2,2,4
06/02/2022,North Carolina,0,4,4
06/02/2022,Florida,0,4,4
06/02/2022,Illinois,0,5,5
05/02/2022,Texas,6,2,8
05/02/2022,New Mexico,0,4,4
04/02/2022,Virginia,1,4,5
02/02/2022,California,1,4,5
01/02/2022,Wisconsin,0,5,5
31/01/2022,North Carolina,0,4,4
30/01/2022,Florida,1,4,5
30/01/2022,Georgia,1,3,4
29/01/2022,California,0,4,4
29/01/2022,Missouri,3,1,4
29/01/2022,Georgia,1,3,4
28/01/2022,Tennessee,4,0,4
27/01/2022,California,2,3,5
27/01/2022,Washington D.C.,1,4,5
23/01/2022,Wisconsin,6,0,6
23/01/2022,California,4,1,5
22/01/2022,Washington,1,3,4
19/01/2022,United States Virgin Islands,1,4,5
19/01/2022,Maryland,3,1,4
19/01/2022,Louisiana,0,4,4
18/01/2022,Florida,1,4,5
17/01/2022,Texas,0,4,4
16/01/2022,Georgia,1,3,4
15/01/2022,Georgia,1,5,6
15/01/2022,Tennessee,0,4,4
14/01/2022,Oregon,0,6,6
14/01/2022,Georgia,3,1,4
13/01/2022,New York,0,4,4
12/01/2022,Illinois,0,4,4
09/01/2022,California,1,5,6
09/01/2022,Alabama,1,6,7
09/01/2022,California,0,4,4
09/01/2022,Colorado,2,2,4
08/01/2022,Texas,1,3,4
04/01/2022,Mississippi,1,3,4
02/01/2022,Texas,2,2,4
02/01/2022,Texas,2,2,4
01/01/2022,Illinois,2,3,5
01/01/2022,Pennsylvania,1,4,5
01/01/2022,South Carolina,0,5,5
01/01/2022,Georgia,1,3,4
01/01/2022,Wisconsin,1,3,4
01/01/2022,Indiana,0,4,4
01/01/2022,Colorado,2,2,4
01/01/2022,Missouri,0,4,4